Pos,No,Driver,Car,Laps,Time/Retired,PTS,race,date,circuit
1,44,Lewis  Hamilton  HAM,Mercedes,56,1:32:03.897,25,Bahrain,28 Mar 2021,"Bahrain International Circuit, Sakhir"
2,33,Max  Verstappen  VER,Red Bull Racing Honda,56,+0.745s,18,Bahrain,28 Mar 2021,"Bahrain International Circuit, Sakhir"
3,77,Valtteri  Bottas  BOT,Mercedes,56,+37.383s,16,Bahrain,28 Mar 2021,"Bahrain International Circuit, Sakhir"
4,4,Lando  Norris  NOR,McLaren Mercedes,56,+46.466s,12,Bahrain,28 Mar 2021,"Bahrain International Circuit, Sakhir"
5,11,Sergio  Perez  PER,Red Bull Racing Honda,56,+52.047s,10,Bahrain,28 Mar 2021,"Bahrain International Circuit, Sakhir"
6,16,Charles  Leclerc  LEC,Ferrari,56,+59.090s,8,Bahrain,28 Mar 2021,"Bahrain International Circuit, Sakhir"
7,3,Daniel  Ricciardo  RIC,McLaren Mercedes,56,+66.004s,6,Bahrain,28 Mar 2021,"Bahrain International Circuit, Sakhir"
8,55,Carlos  Sainz  SAI,Ferrari,56,+67.100s,4,Bahrain,28 Mar 2021,"Bahrain International Circuit, Sakhir"
9,22,Yuki  Tsunoda  TSU,AlphaTauri Honda,56,+85.692s,2,Bahrain,28 Mar 2021,"Bahrain International Circuit, Sakhir"
10,18,Lance  Stroll  STR,Aston Martin Mercedes,56,+86.713s,1,Bahrain,28 Mar 2021,"Bahrain International Circuit, Sakhir"
11,7,Kimi  Räikkönen  RAI,Alfa Romeo Racing Ferrari,56,+88.864s,0,Bahrain,28 Mar 2021,"Bahrain International Circuit, Sakhir"
12,99,Antonio  Giovinazzi  GIO,Alfa Romeo Racing Ferrari,55,+1 lap,0,Bahrain,28 Mar 2021,"Bahrain International Circuit, Sakhir"
13,31,Esteban  Ocon  OCO,Alpine Renault,55,+1 lap,0,Bahrain,28 Mar 2021,"Bahrain International Circuit, Sakhir"
14,63,George  Russell  RUS,Williams Mercedes,55,+1 lap,0,Bahrain,28 Mar 2021,"Bahrain International Circuit, Sakhir"
15,5,Sebastian  Vettel  VET,Aston Martin Mercedes,55,+1 lap,0,Bahrain,28 Mar 2021,"Bahrain International Circuit, Sakhir"
16,47,Mick  Schumacher  MSC,Haas Ferrari,55,+1 lap,0,Bahrain,28 Mar 2021,"Bahrain International Circuit, Sakhir"
17,10,Pierre  Gasly  GAS,AlphaTauri Honda,52,DNF,0,Bahrain,28 Mar 2021,"Bahrain International Circuit, Sakhir"
18,6,Nicholas  Latifi  LAT,Williams Mercedes,51,DNF,0,Bahrain,28 Mar 2021,"Bahrain International Circuit, Sakhir"
NC,14,Fernando  Alonso  ALO,Alpine Renault,32,DNF,0,Bahrain,28 Mar 2021,"Bahrain International Circuit, Sakhir"
NC,9,Nikita  Mazepin  MAZ,Haas Ferrari,0,DNF,0,Bahrain,28 Mar 2021,"Bahrain International Circuit, Sakhir"
1,33,Max  Verstappen  VER,Red Bull Racing Honda,63,2:02:34.598,25,Emilia Romagna,18 Apr 2021,"Autodromo Enzo e Dino Ferrari, Imola"
2,44,Lewis  Hamilton  HAM,Mercedes,63,+22.000s,19,Emilia Romagna,18 Apr 2021,"Autodromo Enzo e Dino Ferrari, Imola"
3,4,Lando  Norris  NOR,McLaren Mercedes,63,+23.702s,15,Emilia Romagna,18 Apr 2021,"Autodromo Enzo e Dino Ferrari, Imola"
4,16,Charles  Leclerc  LEC,Ferrari,63,+25.579s,12,Emilia Romagna,18 Apr 2021,"Autodromo Enzo e Dino Ferrari, Imola"
5,55,Carlos  Sainz  SAI,Ferrari,63,+27.036s,10,Emilia Romagna,18 Apr 2021,"Autodromo Enzo e Dino Ferrari, Imola"
6,3,Daniel  Ricciardo  RIC,McLaren Mercedes,63,+51.220s,8,Emilia Romagna,18 Apr 2021,"Autodromo Enzo e Dino Ferrari, Imola"
7,10,Pierre  Gasly  GAS,AlphaTauri Honda,63,+52.818s,6,Emilia Romagna,18 Apr 2021,"Autodromo Enzo e Dino Ferrari, Imola"
8,18,Lance  Stroll  STR,Aston Martin Mercedes,63,+56.909s,4,Emilia Romagna,18 Apr 2021,"Autodromo Enzo e Dino Ferrari, Imola"
9,31,Esteban  Ocon  OCO,Alpine Renault,63,+65.704s,2,Emilia Romagna,18 Apr 2021,"Autodromo Enzo e Dino Ferrari, Imola"
10,14,Fernando  Alonso  ALO,Alpine Renault,63,+66.561s,1,Emilia Romagna,18 Apr 2021,"Autodromo Enzo e Dino Ferrari, Imola"
11,11,Sergio  Perez  PER,Red Bull Racing Honda,63,+67.151s,0,Emilia Romagna,18 Apr 2021,"Autodromo Enzo e Dino Ferrari, Imola"
12,22,Yuki  Tsunoda  TSU,AlphaTauri Honda,63,+73.184s,0,Emilia Romagna,18 Apr 2021,"Autodromo Enzo e Dino Ferrari, Imola"
13,7,Kimi  Räikkönen  RAI,Alfa Romeo Racing Ferrari,63,+94.773s,0,Emilia Romagna,18 Apr 2021,"Autodromo Enzo e Dino Ferrari, Imola"
14,99,Antonio  Giovinazzi  GIO,Alfa Romeo Racing Ferrari,62,+1 lap,0,Emilia Romagna,18 Apr 2021,"Autodromo Enzo e Dino Ferrari, Imola"
15,5,Sebastian  Vettel  VET,Aston Martin Mercedes,61,DNF,0,Emilia Romagna,18 Apr 2021,"Autodromo Enzo e Dino Ferrari, Imola"
16,47,Mick  Schumacher  MSC,Haas Ferrari,61,+2 laps,0,Emilia Romagna,18 Apr 2021,"Autodromo Enzo e Dino Ferrari, Imola"
17,9,Nikita  Mazepin  MAZ,Haas Ferrari,61,+2 laps,0,Emilia Romagna,18 Apr 2021,"Autodromo Enzo e Dino Ferrari, Imola"
NC,77,Valtteri  Bottas  BOT,Mercedes,30,DNF,0,Emilia Romagna,18 Apr 2021,"Autodromo Enzo e Dino Ferrari, Imola"
NC,63,George  Russell  RUS,Williams Mercedes,30,DNF,0,Emilia Romagna,18 Apr 2021,"Autodromo Enzo e Dino Ferrari, Imola"
NC,6,Nicholas  Latifi  LAT,Williams Mercedes,0,DNF,0,Emilia Romagna,18 Apr 2021,"Autodromo Enzo e Dino Ferrari, Imola"
1,44,Lewis  Hamilton  HAM,Mercedes,66,1:34:31.421,25,Portugal,02 May 2021,"AutÃ³dromo Internacional do Algarve, PortimÃ£o"
2,33,Max  Verstappen  VER,Red Bull Racing Honda,66,+29.148s,18,Portugal,02 May 2021,"AutÃ³dromo Internacional do Algarve, PortimÃ£o"
3,77,Valtteri  Bottas  BOT,Mercedes,66,+33.530s,16,Portugal,02 May 2021,"AutÃ³dromo Internacional do Algarve, PortimÃ£o"
4,11,Sergio  Perez  PER,Red Bull Racing Honda,66,+39.735s,12,Portugal,02 May 2021,"AutÃ³dromo Internacional do Algarve, PortimÃ£o"
5,4,Lando  Norris  NOR,McLaren Mercedes,66,+51.369s,10,Portugal,02 May 2021,"AutÃ³dromo Internacional do Algarve, PortimÃ£o"
6,16,Charles  Leclerc  LEC,Ferrari,66,+55.781s,8,Portugal,02 May 2021,"AutÃ³dromo Internacional do Algarve, PortimÃ£o"
7,31,Esteban  Ocon  OCO,Alpine Renault,66,+63.749s,6,Portugal,02 May 2021,"AutÃ³dromo Internacional do Algarve, PortimÃ£o"
8,14,Fernando  Alonso  ALO,Alpine Renault,66,+64.808s,4,Portugal,02 May 2021,"AutÃ³dromo Internacional do Algarve, PortimÃ£o"
9,3,Daniel  Ricciardo  RIC,McLaren Mercedes,66,+75.369s,2,Portugal,02 May 2021,"AutÃ³dromo Internacional do Algarve, PortimÃ£o"
10,10,Pierre  Gasly  GAS,AlphaTauri Honda,66,+76.463s,1,Portugal,02 May 2021,"AutÃ³dromo Internacional do Algarve, PortimÃ£o"
11,55,Carlos  Sainz  SAI,Ferrari,66,+78.955s,0,Portugal,02 May 2021,"AutÃ³dromo Internacional do Algarve, PortimÃ£o"
12,99,Antonio  Giovinazzi  GIO,Alfa Romeo Racing Ferrari,65,+1 lap,0,Portugal,02 May 2021,"AutÃ³dromo Internacional do Algarve, PortimÃ£o"
13,5,Sebastian  Vettel  VET,Aston Martin Mercedes,65,+1 lap,0,Portugal,02 May 2021,"AutÃ³dromo Internacional do Algarve, PortimÃ£o"
14,18,Lance  Stroll  STR,Aston Martin Mercedes,65,+1 lap,0,Portugal,02 May 2021,"AutÃ³dromo Internacional do Algarve, PortimÃ£o"
15,22,Yuki  Tsunoda  TSU,AlphaTauri Honda,65,+1 lap,0,Portugal,02 May 2021,"AutÃ³dromo Internacional do Algarve, PortimÃ£o"
16,63,George  Russell  RUS,Williams Mercedes,65,+1 lap,0,Portugal,02 May 2021,"AutÃ³dromo Internacional do Algarve, PortimÃ£o"
17,47,Mick  Schumacher  MSC,Haas Ferrari,64,+2 laps,0,Portugal,02 May 2021,"AutÃ³dromo Internacional do Algarve, PortimÃ£o"
18,6,Nicholas  Latifi  LAT,Williams Mercedes,64,+2 laps,0,Portugal,02 May 2021,"AutÃ³dromo Internacional do Algarve, PortimÃ£o"
19,9,Nikita  Mazepin  MAZ,Haas Ferrari,64,+2 laps,0,Portugal,02 May 2021,"AutÃ³dromo Internacional do Algarve, PortimÃ£o"
NC,7,Kimi  Räikkönen  RAI,Alfa Romeo Racing Ferrari,1,DNF,0,Portugal,02 May 2021,"AutÃ³dromo Internacional do Algarve, PortimÃ£o"
1,44,Lewis  Hamilton  HAM,Mercedes,66,1:33:07.680,25,Spain,09 May 2021,"Circuit de Barcelona-Catalunya, Barcelona"
2,33,Max  Verstappen  VER,Red Bull Racing Honda,66,+15.841s,19,Spain,09 May 2021,"Circuit de Barcelona-Catalunya, Barcelona"
3,77,Valtteri  Bottas  BOT,Mercedes,66,+26.610s,15,Spain,09 May 2021,"Circuit de Barcelona-Catalunya, Barcelona"
4,16,Charles  Leclerc  LEC,Ferrari,66,+54.616s,12,Spain,09 May 2021,"Circuit de Barcelona-Catalunya, Barcelona"
5,11,Sergio  Perez  PER,Red Bull Racing Honda,66,+63.671s,10,Spain,09 May 2021,"Circuit de Barcelona-Catalunya, Barcelona"
6,3,Daniel  Ricciardo  RIC,McLaren Mercedes,66,+73.768s,8,Spain,09 May 2021,"Circuit de Barcelona-Catalunya, Barcelona"
7,55,Carlos  Sainz  SAI,Ferrari,66,+74.670s,6,Spain,09 May 2021,"Circuit de Barcelona-Catalunya, Barcelona"
8,4,Lando  Norris  NOR,McLaren Mercedes,65,+1 lap,4,Spain,09 May 2021,"Circuit de Barcelona-Catalunya, Barcelona"
9,31,Esteban  Ocon  OCO,Alpine Renault,65,+1 lap,2,Spain,09 May 2021,"Circuit de Barcelona-Catalunya, Barcelona"
10,10,Pierre  Gasly  GAS,AlphaTauri Honda,65,+1 lap,1,Spain,09 May 2021,"Circuit de Barcelona-Catalunya, Barcelona"
11,18,Lance  Stroll  STR,Aston Martin Mercedes,65,+1 lap,0,Spain,09 May 2021,"Circuit de Barcelona-Catalunya, Barcelona"
12,7,Kimi  Räikkönen  RAI,Alfa Romeo Racing Ferrari,65,+1 lap,0,Spain,09 May 2021,"Circuit de Barcelona-Catalunya, Barcelona"
13,5,Sebastian  Vettel  VET,Aston Martin Mercedes,65,+1 lap,0,Spain,09 May 2021,"Circuit de Barcelona-Catalunya, Barcelona"
14,63,George  Russell  RUS,Williams Mercedes,65,+1 lap,0,Spain,09 May 2021,"Circuit de Barcelona-Catalunya, Barcelona"
15,99,Antonio  Giovinazzi  GIO,Alfa Romeo Racing Ferrari,65,+1 lap,0,Spain,09 May 2021,"Circuit de Barcelona-Catalunya, Barcelona"
16,6,Nicholas  Latifi  LAT,Williams Mercedes,65,+1 lap,0,Spain,09 May 2021,"Circuit de Barcelona-Catalunya, Barcelona"
17,14,Fernando  Alonso  ALO,Alpine Renault,65,+1 lap,0,Spain,09 May 2021,"Circuit de Barcelona-Catalunya, Barcelona"
18,47,Mick  Schumacher  MSC,Haas Ferrari,64,+2 laps,0,Spain,09 May 2021,"Circuit de Barcelona-Catalunya, Barcelona"
19,9,Nikita  Mazepin  MAZ,Haas Ferrari,64,+2 laps,0,Spain,09 May 2021,"Circuit de Barcelona-Catalunya, Barcelona"
NC,22,Yuki  Tsunoda  TSU,AlphaTauri Honda,6,DNF,0,Spain,09 May 2021,"Circuit de Barcelona-Catalunya, Barcelona"
1,33,Max  Verstappen  VER,Red Bull Racing Honda,78,1:38:56.820,25,Monaco,23 May 2021,"Circuit de Monaco, Monte Carlo"
2,55,Carlos  Sainz  SAI,Ferrari,78,+8.968s,18,Monaco,23 May 2021,"Circuit de Monaco, Monte Carlo"
3,4,Lando  Norris  NOR,McLaren Mercedes,78,+19.427s,15,Monaco,23 May 2021,"Circuit de Monaco, Monte Carlo"
4,11,Sergio  Perez  PER,Red Bull Racing Honda,78,+20.490s,12,Monaco,23 May 2021,"Circuit de Monaco, Monte Carlo"
5,5,Sebastian  Vettel  VET,Aston Martin Mercedes,78,+52.591s,10,Monaco,23 May 2021,"Circuit de Monaco, Monte Carlo"
6,10,Pierre  Gasly  GAS,AlphaTauri Honda,78,+53.896s,8,Monaco,23 May 2021,"Circuit de Monaco, Monte Carlo"
7,44,Lewis  Hamilton  HAM,Mercedes,78,+68.231s,7,Monaco,23 May 2021,"Circuit de Monaco, Monte Carlo"
8,18,Lance  Stroll  STR,Aston Martin Mercedes,77,+1 lap,4,Monaco,23 May 2021,"Circuit de Monaco, Monte Carlo"
9,31,Esteban  Ocon  OCO,Alpine Renault,77,+1 lap,2,Monaco,23 May 2021,"Circuit de Monaco, Monte Carlo"
10,99,Antonio  Giovinazzi  GIO,Alfa Romeo Racing Ferrari,77,+1 lap,1,Monaco,23 May 2021,"Circuit de Monaco, Monte Carlo"
11,7,Kimi  Räikkönen  RAI,Alfa Romeo Racing Ferrari,77,+1 lap,0,Monaco,23 May 2021,"Circuit de Monaco, Monte Carlo"
12,3,Daniel  Ricciardo  RIC,McLaren Mercedes,77,+1 lap,0,Monaco,23 May 2021,"Circuit de Monaco, Monte Carlo"
13,14,Fernando  Alonso  ALO,Alpine Renault,77,+1 lap,0,Monaco,23 May 2021,"Circuit de Monaco, Monte Carlo"
14,63,George  Russell  RUS,Williams Mercedes,77,+1 lap,0,Monaco,23 May 2021,"Circuit de Monaco, Monte Carlo"
15,6,Nicholas  Latifi  LAT,Williams Mercedes,77,+1 lap,0,Monaco,23 May 2021,"Circuit de Monaco, Monte Carlo"
16,22,Yuki  Tsunoda  TSU,AlphaTauri Honda,77,+1 lap,0,Monaco,23 May 2021,"Circuit de Monaco, Monte Carlo"
17,9,Nikita  Mazepin  MAZ,Haas Ferrari,75,+3 laps,0,Monaco,23 May 2021,"Circuit de Monaco, Monte Carlo"
18,47,Mick  Schumacher  MSC,Haas Ferrari,75,+3 laps,0,Monaco,23 May 2021,"Circuit de Monaco, Monte Carlo"
NC,77,Valtteri  Bottas  BOT,Mercedes,29,DNF,0,Monaco,23 May 2021,"Circuit de Monaco, Monte Carlo"
NC,16,Charles  Leclerc  LEC,Ferrari,0,DNS,0,Monaco,23 May 2021,"Circuit de Monaco, Monte Carlo"
1,11,Sergio  Perez  PER,Red Bull Racing Honda,51,2:13:36.410,25,Azerbaijan,06 Jun 2021,"Baku City Circuit, Baku"
2,5,Sebastian  Vettel  VET,Aston Martin Mercedes,51,+1.385s,18,Azerbaijan,06 Jun 2021,"Baku City Circuit, Baku"
3,10,Pierre  Gasly  GAS,AlphaTauri Honda,51,+2.762s,15,Azerbaijan,06 Jun 2021,"Baku City Circuit, Baku"
4,16,Charles  Leclerc  LEC,Ferrari,51,+3.828s,12,Azerbaijan,06 Jun 2021,"Baku City Circuit, Baku"
5,4,Lando  Norris  NOR,McLaren Mercedes,51,+4.754s,10,Azerbaijan,06 Jun 2021,"Baku City Circuit, Baku"
6,14,Fernando  Alonso  ALO,Alpine Renault,51,+6.382s,8,Azerbaijan,06 Jun 2021,"Baku City Circuit, Baku"
7,22,Yuki  Tsunoda  TSU,AlphaTauri Honda,51,+6.624s,6,Azerbaijan,06 Jun 2021,"Baku City Circuit, Baku"
8,55,Carlos  Sainz  SAI,Ferrari,51,+7.709s,4,Azerbaijan,06 Jun 2021,"Baku City Circuit, Baku"
9,3,Daniel  Ricciardo  RIC,McLaren Mercedes,51,+8.874s,2,Azerbaijan,06 Jun 2021,"Baku City Circuit, Baku"
10,7,Kimi  Räikkönen  RAI,Alfa Romeo Racing Ferrari,51,+9.576s,1,Azerbaijan,06 Jun 2021,"Baku City Circuit, Baku"
11,99,Antonio  Giovinazzi  GIO,Alfa Romeo Racing Ferrari,51,+10.254s,0,Azerbaijan,06 Jun 2021,"Baku City Circuit, Baku"
12,77,Valtteri  Bottas  BOT,Mercedes,51,+11.264s,0,Azerbaijan,06 Jun 2021,"Baku City Circuit, Baku"
13,47,Mick  Schumacher  MSC,Haas Ferrari,51,+14.241s,0,Azerbaijan,06 Jun 2021,"Baku City Circuit, Baku"
14,9,Nikita  Mazepin  MAZ,Haas Ferrari,51,+14.315s,0,Azerbaijan,06 Jun 2021,"Baku City Circuit, Baku"
15,44,Lewis  Hamilton  HAM,Mercedes,51,+17.668s,0,Azerbaijan,06 Jun 2021,"Baku City Circuit, Baku"
16,6,Nicholas  Latifi  LAT,Williams Mercedes,51,+42.379s,0,Azerbaijan,06 Jun 2021,"Baku City Circuit, Baku"
17,63,George  Russell  RUS,Williams Mercedes,48,DNF,0,Azerbaijan,06 Jun 2021,"Baku City Circuit, Baku"
18,33,Max  Verstappen  VER,Red Bull Racing Honda,45,DNF,0,Azerbaijan,06 Jun 2021,"Baku City Circuit, Baku"
NC,18,Lance  Stroll  STR,Aston Martin Mercedes,29,DNF,0,Azerbaijan,06 Jun 2021,"Baku City Circuit, Baku"
NC,31,Esteban  Ocon  OCO,Alpine Renault,3,DNF,0,Azerbaijan,06 Jun 2021,"Baku City Circuit, Baku"
1,33,Max  Verstappen  VER,Red Bull Racing Honda,53,1:27:25.770,26,France,20 Jun 2021,"Circuit Paul Ricard, Le Castellet"
2,44,Lewis  Hamilton  HAM,Mercedes,53,+2.904s,18,France,20 Jun 2021,"Circuit Paul Ricard, Le Castellet"
3,11,Sergio  Perez  PER,Red Bull Racing Honda,53,+8.811s,15,France,20 Jun 2021,"Circuit Paul Ricard, Le Castellet"
4,77,Valtteri  Bottas  BOT,Mercedes,53,+14.618s,12,France,20 Jun 2021,"Circuit Paul Ricard, Le Castellet"
5,4,Lando  Norris  NOR,McLaren Mercedes,53,+64.032s,10,France,20 Jun 2021,"Circuit Paul Ricard, Le Castellet"
6,3,Daniel  Ricciardo  RIC,McLaren Mercedes,53,+75.857s,8,France,20 Jun 2021,"Circuit Paul Ricard, Le Castellet"
7,10,Pierre  Gasly  GAS,AlphaTauri Honda,53,+76.596s,6,France,20 Jun 2021,"Circuit Paul Ricard, Le Castellet"
8,14,Fernando  Alonso  ALO,Alpine Renault,53,+77.695s,4,France,20 Jun 2021,"Circuit Paul Ricard, Le Castellet"
9,5,Sebastian  Vettel  VET,Aston Martin Mercedes,53,+79.666s,2,France,20 Jun 2021,"Circuit Paul Ricard, Le Castellet"
10,18,Lance  Stroll  STR,Aston Martin Mercedes,53,+91.946s,1,France,20 Jun 2021,"Circuit Paul Ricard, Le Castellet"
11,55,Carlos  Sainz  SAI,Ferrari,53,+99.337s,0,France,20 Jun 2021,"Circuit Paul Ricard, Le Castellet"
12,63,George  Russell  RUS,Williams Mercedes,52,+1 lap,0,France,20 Jun 2021,"Circuit Paul Ricard, Le Castellet"
13,22,Yuki  Tsunoda  TSU,AlphaTauri Honda,52,+1 lap,0,France,20 Jun 2021,"Circuit Paul Ricard, Le Castellet"
14,31,Esteban  Ocon  OCO,Alpine Renault,52,+1 lap,0,France,20 Jun 2021,"Circuit Paul Ricard, Le Castellet"
15,99,Antonio  Giovinazzi  GIO,Alfa Romeo Racing Ferrari,52,+1 lap,0,France,20 Jun 2021,"Circuit Paul Ricard, Le Castellet"
16,16,Charles  Leclerc  LEC,Ferrari,52,+1 lap,0,France,20 Jun 2021,"Circuit Paul Ricard, Le Castellet"
17,7,Kimi  Räikkönen  RAI,Alfa Romeo Racing Ferrari,52,+1 lap,0,France,20 Jun 2021,"Circuit Paul Ricard, Le Castellet"
18,6,Nicholas  Latifi  LAT,Williams Mercedes,52,+1 lap,0,France,20 Jun 2021,"Circuit Paul Ricard, Le Castellet"
19,47,Mick  Schumacher  MSC,Haas Ferrari,52,+1 lap,0,France,20 Jun 2021,"Circuit Paul Ricard, Le Castellet"
20,9,Nikita  Mazepin  MAZ,Haas Ferrari,52,+1 lap,0,France,20 Jun 2021,"Circuit Paul Ricard, Le Castellet"
1,33,Max  Verstappen  VER,Red Bull Racing Honda,71,1:22:18.925,25,Styria,27 Jun 2021,"Red Bull Ring, Spielberg"
2,44,Lewis  Hamilton  HAM,Mercedes,71,+35.743s,19,Styria,27 Jun 2021,"Red Bull Ring, Spielberg"
3,77,Valtteri  Bottas  BOT,Mercedes,71,+46.907s,15,Styria,27 Jun 2021,"Red Bull Ring, Spielberg"
4,11,Sergio  Perez  PER,Red Bull Racing Honda,71,+47.434s,12,Styria,27 Jun 2021,"Red Bull Ring, Spielberg"
5,4,Lando  Norris  NOR,McLaren Mercedes,70,+1 lap,10,Styria,27 Jun 2021,"Red Bull Ring, Spielberg"
6,55,Carlos  Sainz  SAI,Ferrari,70,+1 lap,8,Styria,27 Jun 2021,"Red Bull Ring, Spielberg"
7,16,Charles  Leclerc  LEC,Ferrari,70,+1 lap,6,Styria,27 Jun 2021,"Red Bull Ring, Spielberg"
8,18,Lance  Stroll  STR,Aston Martin Mercedes,70,+1 lap,4,Styria,27 Jun 2021,"Red Bull Ring, Spielberg"
9,14,Fernando  Alonso  ALO,Alpine Renault,70,+1 lap,2,Styria,27 Jun 2021,"Red Bull Ring, Spielberg"
10,22,Yuki  Tsunoda  TSU,AlphaTauri Honda,70,+1 lap,1,Styria,27 Jun 2021,"Red Bull Ring, Spielberg"
11,7,Kimi  Räikkönen  RAI,Alfa Romeo Racing Ferrari,70,+1 lap,0,Styria,27 Jun 2021,"Red Bull Ring, Spielberg"
12,5,Sebastian  Vettel  VET,Aston Martin Mercedes,70,+1 lap,0,Styria,27 Jun 2021,"Red Bull Ring, Spielberg"
13,3,Daniel  Ricciardo  RIC,McLaren Mercedes,70,+1 lap,0,Styria,27 Jun 2021,"Red Bull Ring, Spielberg"
14,31,Esteban  Ocon  OCO,Alpine Renault,70,+1 lap,0,Styria,27 Jun 2021,"Red Bull Ring, Spielberg"
15,99,Antonio  Giovinazzi  GIO,Alfa Romeo Racing Ferrari,70,+1 lap,0,Styria,27 Jun 2021,"Red Bull Ring, Spielberg"
16,47,Mick  Schumacher  MSC,Haas Ferrari,69,+2 laps,0,Styria,27 Jun 2021,"Red Bull Ring, Spielberg"
17,6,Nicholas  Latifi  LAT,Williams Mercedes,68,+3 laps,0,Styria,27 Jun 2021,"Red Bull Ring, Spielberg"
18,9,Nikita  Mazepin  MAZ,Haas Ferrari,68,+3 laps,0,Styria,27 Jun 2021,"Red Bull Ring, Spielberg"
NC,63,George  Russell  RUS,Williams Mercedes,36,DNF,0,Styria,27 Jun 2021,"Red Bull Ring, Spielberg"
NC,10,Pierre  Gasly  GAS,AlphaTauri Honda,1,DNF,0,Styria,27 Jun 2021,"Red Bull Ring, Spielberg"
1,33,Max  Verstappen  VER,Red Bull Racing Honda,71,1:23:54.543,26,Austria,04 Jul 2021,"Red Bull Ring, Spielberg"
2,77,Valtteri  Bottas  BOT,Mercedes,71,+17.973s,18,Austria,04 Jul 2021,"Red Bull Ring, Spielberg"
3,4,Lando  Norris  NOR,McLaren Mercedes,71,+20.019s,15,Austria,04 Jul 2021,"Red Bull Ring, Spielberg"
4,44,Lewis  Hamilton  HAM,Mercedes,71,+46.452s,12,Austria,04 Jul 2021,"Red Bull Ring, Spielberg"
5,55,Carlos  Sainz  SAI,Ferrari,71,+57.144s,10,Austria,04 Jul 2021,"Red Bull Ring, Spielberg"
6,11,Sergio  Perez  PER,Red Bull Racing Honda,71,+57.915s,8,Austria,04 Jul 2021,"Red Bull Ring, Spielberg"
7,3,Daniel  Ricciardo  RIC,McLaren Mercedes,71,+60.395s,6,Austria,04 Jul 2021,"Red Bull Ring, Spielberg"
8,16,Charles  Leclerc  LEC,Ferrari,71,+61.195s,4,Austria,04 Jul 2021,"Red Bull Ring, Spielberg"
9,10,Pierre  Gasly  GAS,AlphaTauri Honda,71,+61.844s,2,Austria,04 Jul 2021,"Red Bull Ring, Spielberg"
10,14,Fernando  Alonso  ALO,Alpine Renault,70,+1 lap,1,Austria,04 Jul 2021,"Red Bull Ring, Spielberg"
11,63,George  Russell  RUS,Williams Mercedes,70,+1 lap,0,Austria,04 Jul 2021,"Red Bull Ring, Spielberg"
12,22,Yuki  Tsunoda  TSU,AlphaTauri Honda,70,+1 lap,0,Austria,04 Jul 2021,"Red Bull Ring, Spielberg"
13,18,Lance  Stroll  STR,Aston Martin Mercedes,70,+1 lap,0,Austria,04 Jul 2021,"Red Bull Ring, Spielberg"
14,99,Antonio  Giovinazzi  GIO,Alfa Romeo Racing Ferrari,70,+1 lap,0,Austria,04 Jul 2021,"Red Bull Ring, Spielberg"
15,7,Kimi  Räikkönen  RAI,Alfa Romeo Racing Ferrari,70,+1 lap,0,Austria,04 Jul 2021,"Red Bull Ring, Spielberg"
16,6,Nicholas  Latifi  LAT,Williams Mercedes,70,+1 lap,0,Austria,04 Jul 2021,"Red Bull Ring, Spielberg"
17,5,Sebastian  Vettel  VET,Aston Martin Mercedes,69,DNF,0,Austria,04 Jul 2021,"Red Bull Ring, Spielberg"
18,47,Mick  Schumacher  MSC,Haas Ferrari,69,+2 laps,0,Austria,04 Jul 2021,"Red Bull Ring, Spielberg"
19,9,Nikita  Mazepin  MAZ,Haas Ferrari,69,+2 laps,0,Austria,04 Jul 2021,"Red Bull Ring, Spielberg"
NC,31,Esteban  Ocon  OCO,Alpine Renault,0,DNF,0,Austria,04 Jul 2021,"Red Bull Ring, Spielberg"
1,44,Lewis  Hamilton  HAM,Mercedes,52,1:58:23.284,25,Great Britain,18 Jul 2021,"Silverstone Circuit, Silverstone"
2,16,Charles  Leclerc  LEC,Ferrari,52,+3.871s,18,Great Britain,18 Jul 2021,"Silverstone Circuit, Silverstone"
3,77,Valtteri  Bottas  BOT,Mercedes,52,+11.125s,15,Great Britain,18 Jul 2021,"Silverstone Circuit, Silverstone"
4,4,Lando  Norris  NOR,McLaren Mercedes,52,+28.573s,12,Great Britain,18 Jul 2021,"Silverstone Circuit, Silverstone"
5,3,Daniel  Ricciardo  RIC,McLaren Mercedes,52,+42.624s,10,Great Britain,18 Jul 2021,"Silverstone Circuit, Silverstone"
6,55,Carlos  Sainz  SAI,Ferrari,52,+43.454s,8,Great Britain,18 Jul 2021,"Silverstone Circuit, Silverstone"
7,14,Fernando  Alonso  ALO,Alpine Renault,52,+72.093s,6,Great Britain,18 Jul 2021,"Silverstone Circuit, Silverstone"
8,18,Lance  Stroll  STR,Aston Martin Mercedes,52,+74.289s,4,Great Britain,18 Jul 2021,"Silverstone Circuit, Silverstone"
9,31,Esteban  Ocon  OCO,Alpine Renault,52,+76.162s,2,Great Britain,18 Jul 2021,"Silverstone Circuit, Silverstone"
10,22,Yuki  Tsunoda  TSU,AlphaTauri Honda,52,+82.065s,1,Great Britain,18 Jul 2021,"Silverstone Circuit, Silverstone"
11,10,Pierre  Gasly  GAS,AlphaTauri Honda,52,+85.327s,0,Great Britain,18 Jul 2021,"Silverstone Circuit, Silverstone"
12,63,George  Russell  RUS,Williams Mercedes,51,+1 lap,0,Great Britain,18 Jul 2021,"Silverstone Circuit, Silverstone"
13,99,Antonio  Giovinazzi  GIO,Alfa Romeo Racing Ferrari,51,+1 lap,0,Great Britain,18 Jul 2021,"Silverstone Circuit, Silverstone"
14,6,Nicholas  Latifi  LAT,Williams Mercedes,51,+1 lap,0,Great Britain,18 Jul 2021,"Silverstone Circuit, Silverstone"
15,7,Kimi  Räikkönen  RAI,Alfa Romeo Racing Ferrari,51,+1 lap,0,Great Britain,18 Jul 2021,"Silverstone Circuit, Silverstone"
16,11,Sergio  Perez  PER,Red Bull Racing Honda,51,+1 lap,0,Great Britain,18 Jul 2021,"Silverstone Circuit, Silverstone"
17,9,Nikita  Mazepin  MAZ,Haas Ferrari,51,+1 lap,0,Great Britain,18 Jul 2021,"Silverstone Circuit, Silverstone"
18,47,Mick  Schumacher  MSC,Haas Ferrari,51,+1 lap,0,Great Britain,18 Jul 2021,"Silverstone Circuit, Silverstone"
NC,5,Sebastian  Vettel  VET,Aston Martin Mercedes,40,DNF,0,Great Britain,18 Jul 2021,"Silverstone Circuit, Silverstone"
NC,33,Max  Verstappen  VER,Red Bull Racing Honda,0,DNF,0,Great Britain,18 Jul 2021,"Silverstone Circuit, Silverstone"
1,31,Esteban  Ocon  OCO,Alpine Renault,70,2:04:43.199,25,Hungary,01 Aug 2021,"Hungaroring, Budapest"
DQ,5,Sebastian  Vettel  VET,Aston Martin Mercedes,70,+1.859s,0,Hungary,01 Aug 2021,"Hungaroring, Budapest"
2,44,Lewis  Hamilton  HAM,Mercedes,70,+2.736s,18,Hungary,01 Aug 2021,"Hungaroring, Budapest"
3,55,Carlos  Sainz  SAI,Ferrari,70,+15.018s,15,Hungary,01 Aug 2021,"Hungaroring, Budapest"
4,14,Fernando  Alonso  ALO,Alpine Renault,70,+15.651s,12,Hungary,01 Aug 2021,"Hungaroring, Budapest"
5,10,Pierre  Gasly  GAS,AlphaTauri Honda,70,+63.614s,11,Hungary,01 Aug 2021,"Hungaroring, Budapest"
6,22,Yuki  Tsunoda  TSU,AlphaTauri Honda,70,+75.803s,8,Hungary,01 Aug 2021,"Hungaroring, Budapest"
7,6,Nicholas  Latifi  LAT,Williams Mercedes,70,+77.910s,6,Hungary,01 Aug 2021,"Hungaroring, Budapest"
8,63,George  Russell  RUS,Williams Mercedes,70,+79.094s,4,Hungary,01 Aug 2021,"Hungaroring, Budapest"
9,33,Max  Verstappen  VER,Red Bull Racing Honda,70,+80.244s,2,Hungary,01 Aug 2021,"Hungaroring, Budapest"
10,7,Kimi  Räikkönen  RAI,Alfa Romeo Racing Ferrari,69,+1 lap,1,Hungary,01 Aug 2021,"Hungaroring, Budapest"
11,3,Daniel  Ricciardo  RIC,McLaren Mercedes,69,+1 lap,0,Hungary,01 Aug 2021,"Hungaroring, Budapest"
12,47,Mick  Schumacher  MSC,Haas Ferrari,69,+1 lap,0,Hungary,01 Aug 2021,"Hungaroring, Budapest"
13,99,Antonio  Giovinazzi  GIO,Alfa Romeo Racing Ferrari,69,+1 lap,0,Hungary,01 Aug 2021,"Hungaroring, Budapest"
NC,9,Nikita  Mazepin  MAZ,Haas Ferrari,3,DNF,0,Hungary,01 Aug 2021,"Hungaroring, Budapest"
NC,4,Lando  Norris  NOR,McLaren Mercedes,2,DNF,0,Hungary,01 Aug 2021,"Hungaroring, Budapest"
NC,77,Valtteri  Bottas  BOT,Mercedes,0,DNF,0,Hungary,01 Aug 2021,"Hungaroring, Budapest"
NC,11,Sergio  Perez  PER,Red Bull Racing Honda,0,DNF,0,Hungary,01 Aug 2021,"Hungaroring, Budapest"
NC,16,Charles  Leclerc  LEC,Ferrari,0,DNF,0,Hungary,01 Aug 2021,"Hungaroring, Budapest"
NC,18,Lance  Stroll  STR,Aston Martin Mercedes,0,DNF,0,Hungary,01 Aug 2021,"Hungaroring, Budapest"
1,33,Max  Verstappen  VER,Red Bull Racing Honda,1,0:03:27.071,12.5,Belgium,29 Aug 2021,"Circuit de Spa-Francorchamps, Spa-Francorchamps"
2,63,George  Russell  RUS,Williams Mercedes,1,+1.995s,9.0,Belgium,29 Aug 2021,"Circuit de Spa-Francorchamps, Spa-Francorchamps"
3,44,Lewis  Hamilton  HAM,Mercedes,1,+2.601s,7.5,Belgium,29 Aug 2021,"Circuit de Spa-Francorchamps, Spa-Francorchamps"
4,3,Daniel  Ricciardo  RIC,McLaren Mercedes,1,+4.496s,6.0,Belgium,29 Aug 2021,"Circuit de Spa-Francorchamps, Spa-Francorchamps"
5,5,Sebastian  Vettel  VET,Aston Martin Mercedes,1,+7.479s,5.0,Belgium,29 Aug 2021,"Circuit de Spa-Francorchamps, Spa-Francorchamps"
6,10,Pierre  Gasly  GAS,AlphaTauri Honda,1,+10.177s,4.0,Belgium,29 Aug 2021,"Circuit de Spa-Francorchamps, Spa-Francorchamps"
7,31,Esteban  Ocon  OCO,Alpine Renault,1,+11.579s,3.0,Belgium,29 Aug 2021,"Circuit de Spa-Francorchamps, Spa-Francorchamps"
8,16,Charles  Leclerc  LEC,Ferrari,1,+12.608s,2.0,Belgium,29 Aug 2021,"Circuit de Spa-Francorchamps, Spa-Francorchamps"
9,6,Nicholas  Latifi  LAT,Williams Mercedes,1,+15.484s,1.0,Belgium,29 Aug 2021,"Circuit de Spa-Francorchamps, Spa-Francorchamps"
10,55,Carlos  Sainz  SAI,Ferrari,1,+16.166s,0.5,Belgium,29 Aug 2021,"Circuit de Spa-Francorchamps, Spa-Francorchamps"
11,14,Fernando  Alonso  ALO,Alpine Renault,1,+20.590s,0.0,Belgium,29 Aug 2021,"Circuit de Spa-Francorchamps, Spa-Francorchamps"
12,77,Valtteri  Bottas  BOT,Mercedes,1,+22.414s,0.0,Belgium,29 Aug 2021,"Circuit de Spa-Francorchamps, Spa-Francorchamps"
13,99,Antonio  Giovinazzi  GIO,Alfa Romeo Racing Ferrari,1,+24.163s,0.0,Belgium,29 Aug 2021,"Circuit de Spa-Francorchamps, Spa-Francorchamps"
14,4,Lando  Norris  NOR,McLaren Mercedes,1,+27.109s,0.0,Belgium,29 Aug 2021,"Circuit de Spa-Francorchamps, Spa-Francorchamps"
15,22,Yuki  Tsunoda  TSU,AlphaTauri Honda,1,+28.329s,0.0,Belgium,29 Aug 2021,"Circuit de Spa-Francorchamps, Spa-Francorchamps"
16,47,Mick  Schumacher  MSC,Haas Ferrari,1,+29.507s,0.0,Belgium,29 Aug 2021,"Circuit de Spa-Francorchamps, Spa-Francorchamps"
17,9,Nikita  Mazepin  MAZ,Haas Ferrari,1,+31.993s,0.0,Belgium,29 Aug 2021,"Circuit de Spa-Francorchamps, Spa-Francorchamps"
18,7,Kimi  Räikkönen  RAI,Alfa Romeo Racing Ferrari,1,+36.054s,0.0,Belgium,29 Aug 2021,"Circuit de Spa-Francorchamps, Spa-Francorchamps"
19,11,Sergio  Perez  PER,Red Bull Racing Honda,1,+38.205s,0.0,Belgium,29 Aug 2021,"Circuit de Spa-Francorchamps, Spa-Francorchamps"
20,18,Lance  Stroll  STR,Aston Martin Mercedes,1,+44.108s,0.0,Belgium,29 Aug 2021,"Circuit de Spa-Francorchamps, Spa-Francorchamps"
1,33,Max  Verstappen  VER,Red Bull Racing Honda,72,1:30:05.395,25,Netherlands,05 Sep 2021,"Circuit Zandvoort, Zandvoort"
2,44,Lewis  Hamilton  HAM,Mercedes,72,+20.932s,19,Netherlands,05 Sep 2021,"Circuit Zandvoort, Zandvoort"
3,77,Valtteri  Bottas  BOT,Mercedes,72,+56.460s,15,Netherlands,05 Sep 2021,"Circuit Zandvoort, Zandvoort"
4,10,Pierre  Gasly  GAS,AlphaTauri Honda,71,+1 lap,12,Netherlands,05 Sep 2021,"Circuit Zandvoort, Zandvoort"
5,16,Charles  Leclerc  LEC,Ferrari,71,+1 lap,10,Netherlands,05 Sep 2021,"Circuit Zandvoort, Zandvoort"
6,14,Fernando  Alonso  ALO,Alpine Renault,71,+1 lap,8,Netherlands,05 Sep 2021,"Circuit Zandvoort, Zandvoort"
7,55,Carlos  Sainz  SAI,Ferrari,71,+1 lap,6,Netherlands,05 Sep 2021,"Circuit Zandvoort, Zandvoort"
8,11,Sergio  Perez  PER,Red Bull Racing Honda,71,+1 lap,4,Netherlands,05 Sep 2021,"Circuit Zandvoort, Zandvoort"
9,31,Esteban  Ocon  OCO,Alpine Renault,71,+1 lap,2,Netherlands,05 Sep 2021,"Circuit Zandvoort, Zandvoort"
10,4,Lando  Norris  NOR,McLaren Mercedes,71,+1 lap,1,Netherlands,05 Sep 2021,"Circuit Zandvoort, Zandvoort"
11,3,Daniel  Ricciardo  RIC,McLaren Mercedes,71,+1 lap,0,Netherlands,05 Sep 2021,"Circuit Zandvoort, Zandvoort"
12,18,Lance  Stroll  STR,Aston Martin Mercedes,70,+2 laps,0,Netherlands,05 Sep 2021,"Circuit Zandvoort, Zandvoort"
13,5,Sebastian  Vettel  VET,Aston Martin Mercedes,70,+2 laps,0,Netherlands,05 Sep 2021,"Circuit Zandvoort, Zandvoort"
14,99,Antonio  Giovinazzi  GIO,Alfa Romeo Racing Ferrari,70,+2 laps,0,Netherlands,05 Sep 2021,"Circuit Zandvoort, Zandvoort"
15,88,Robert  Kubica  KUB,Alfa Romeo Racing Ferrari,70,+2 laps,0,Netherlands,05 Sep 2021,"Circuit Zandvoort, Zandvoort"
16,6,Nicholas  Latifi  LAT,Williams Mercedes,70,+2 laps,0,Netherlands,05 Sep 2021,"Circuit Zandvoort, Zandvoort"
17,63,George  Russell  RUS,Williams Mercedes,69,DNF,0,Netherlands,05 Sep 2021,"Circuit Zandvoort, Zandvoort"
18,47,Mick  Schumacher  MSC,Haas Ferrari,69,+3 laps,0,Netherlands,05 Sep 2021,"Circuit Zandvoort, Zandvoort"
NC,22,Yuki  Tsunoda  TSU,AlphaTauri Honda,48,DNF,0,Netherlands,05 Sep 2021,"Circuit Zandvoort, Zandvoort"
NC,9,Nikita  Mazepin  MAZ,Haas Ferrari,41,DNF,0,Netherlands,05 Sep 2021,"Circuit Zandvoort, Zandvoort"
1,3,Daniel  Ricciardo  RIC,McLaren Mercedes,53,1:21:54.365,26,Italy,12 Sep 2021,"Autodromo Nazionale Monza, Monza"
2,4,Lando  Norris  NOR,McLaren Mercedes,53,+1.747s,18,Italy,12 Sep 2021,"Autodromo Nazionale Monza, Monza"
3,77,Valtteri  Bottas  BOT,Mercedes,53,+4.921s,15,Italy,12 Sep 2021,"Autodromo Nazionale Monza, Monza"
4,16,Charles  Leclerc  LEC,Ferrari,53,+7.309s,12,Italy,12 Sep 2021,"Autodromo Nazionale Monza, Monza"
5,11,Sergio  Perez  PER,Red Bull Racing Honda,53,+8.723s,10,Italy,12 Sep 2021,"Autodromo Nazionale Monza, Monza"
6,55,Carlos  Sainz  SAI,Ferrari,53,+10.535s,8,Italy,12 Sep 2021,"Autodromo Nazionale Monza, Monza"
7,18,Lance  Stroll  STR,Aston Martin Mercedes,53,+15.804s,6,Italy,12 Sep 2021,"Autodromo Nazionale Monza, Monza"
8,14,Fernando  Alonso  ALO,Alpine Renault,53,+17.201s,4,Italy,12 Sep 2021,"Autodromo Nazionale Monza, Monza"
9,63,George  Russell  RUS,Williams Mercedes,53,+19.742s,2,Italy,12 Sep 2021,"Autodromo Nazionale Monza, Monza"
10,31,Esteban  Ocon  OCO,Alpine Renault,53,+20.868s,1,Italy,12 Sep 2021,"Autodromo Nazionale Monza, Monza"
11,6,Nicholas  Latifi  LAT,Williams Mercedes,53,+23.743s,0,Italy,12 Sep 2021,"Autodromo Nazionale Monza, Monza"
12,5,Sebastian  Vettel  VET,Aston Martin Mercedes,53,+24.621s,0,Italy,12 Sep 2021,"Autodromo Nazionale Monza, Monza"
13,99,Antonio  Giovinazzi  GIO,Alfa Romeo Racing Ferrari,53,+27.216s,0,Italy,12 Sep 2021,"Autodromo Nazionale Monza, Monza"
14,88,Robert  Kubica  KUB,Alfa Romeo Racing Ferrari,53,+29.769s,0,Italy,12 Sep 2021,"Autodromo Nazionale Monza, Monza"
15,47,Mick  Schumacher  MSC,Haas Ferrari,53,+51.088s,0,Italy,12 Sep 2021,"Autodromo Nazionale Monza, Monza"
NC,9,Nikita  Mazepin  MAZ,Haas Ferrari,41,DNF,0,Italy,12 Sep 2021,"Autodromo Nazionale Monza, Monza"
NC,44,Lewis  Hamilton  HAM,Mercedes,25,DNF,0,Italy,12 Sep 2021,"Autodromo Nazionale Monza, Monza"
NC,33,Max  Verstappen  VER,Red Bull Racing Honda,25,DNF,0,Italy,12 Sep 2021,"Autodromo Nazionale Monza, Monza"
NC,10,Pierre  Gasly  GAS,AlphaTauri Honda,3,DNF,0,Italy,12 Sep 2021,"Autodromo Nazionale Monza, Monza"
NC,22,Yuki  Tsunoda  TSU,AlphaTauri Honda,0,DNS,0,Italy,12 Sep 2021,"Autodromo Nazionale Monza, Monza"
1,44,Lewis  Hamilton  HAM,Mercedes,53,1:30:41.001,25,Russia,26 Sep 2021,"Sochi Autodrom, Sochi"
2,33,Max  Verstappen  VER,Red Bull Racing Honda,53,+53.271s,18,Russia,26 Sep 2021,"Sochi Autodrom, Sochi"
3,55,Carlos  Sainz  SAI,Ferrari,53,+62.475s,15,Russia,26 Sep 2021,"Sochi Autodrom, Sochi"
4,3,Daniel  Ricciardo  RIC,McLaren Mercedes,53,+65.607s,12,Russia,26 Sep 2021,"Sochi Autodrom, Sochi"
5,77,Valtteri  Bottas  BOT,Mercedes,53,+67.533s,10,Russia,26 Sep 2021,"Sochi Autodrom, Sochi"
6,14,Fernando  Alonso  ALO,Alpine Renault,53,+81.321s,8,Russia,26 Sep 2021,"Sochi Autodrom, Sochi"
7,4,Lando  Norris  NOR,McLaren Mercedes,53,+87.224s,7,Russia,26 Sep 2021,"Sochi Autodrom, Sochi"
8,7,Kimi  Räikkönen  RAI,Alfa Romeo Racing Ferrari,53,+88.955s,4,Russia,26 Sep 2021,"Sochi Autodrom, Sochi"
9,11,Sergio  Perez  PER,Red Bull Racing Honda,53,+90.076s,2,Russia,26 Sep 2021,"Sochi Autodrom, Sochi"
10,63,George  Russell  RUS,Williams Mercedes,53,+100.551s,1,Russia,26 Sep 2021,"Sochi Autodrom, Sochi"
11,18,Lance  Stroll  STR,Aston Martin Mercedes,53,+116.198s,0,Russia,26 Sep 2021,"Sochi Autodrom, Sochi"
12,5,Sebastian  Vettel  VET,Aston Martin Mercedes,52,+1 lap,0,Russia,26 Sep 2021,"Sochi Autodrom, Sochi"
13,10,Pierre  Gasly  GAS,AlphaTauri Honda,52,+1 lap,0,Russia,26 Sep 2021,"Sochi Autodrom, Sochi"
14,31,Esteban  Ocon  OCO,Alpine Renault,52,+1 lap,0,Russia,26 Sep 2021,"Sochi Autodrom, Sochi"
15,16,Charles  Leclerc  LEC,Ferrari,52,+1 lap,0,Russia,26 Sep 2021,"Sochi Autodrom, Sochi"
16,99,Antonio  Giovinazzi  GIO,Alfa Romeo Racing Ferrari,52,+1 lap,0,Russia,26 Sep 2021,"Sochi Autodrom, Sochi"
17,22,Yuki  Tsunoda  TSU,AlphaTauri Honda,52,+1 lap,0,Russia,26 Sep 2021,"Sochi Autodrom, Sochi"
18,9,Nikita  Mazepin  MAZ,Haas Ferrari,51,+2 laps,0,Russia,26 Sep 2021,"Sochi Autodrom, Sochi"
19,6,Nicholas  Latifi  LAT,Williams Mercedes,47,DNF,0,Russia,26 Sep 2021,"Sochi Autodrom, Sochi"
NC,47,Mick  Schumacher  MSC,Haas Ferrari,32,DNF,0,Russia,26 Sep 2021,"Sochi Autodrom, Sochi"
1,77,Valtteri  Bottas  BOT,Mercedes,58,1:31:04.103,26,Turkey,10 Oct 2021,"Intercity Istanbul Park, Istanbul"
2,33,Max  Verstappen  VER,Red Bull Racing Honda,58,+14.584s,18,Turkey,10 Oct 2021,"Intercity Istanbul Park, Istanbul"
3,11,Sergio  Perez  PER,Red Bull Racing Honda,58,+33.471s,15,Turkey,10 Oct 2021,"Intercity Istanbul Park, Istanbul"
4,16,Charles  Leclerc  LEC,Ferrari,58,+37.814s,12,Turkey,10 Oct 2021,"Intercity Istanbul Park, Istanbul"
5,44,Lewis  Hamilton  HAM,Mercedes,58,+41.812s,10,Turkey,10 Oct 2021,"Intercity Istanbul Park, Istanbul"
6,10,Pierre  Gasly  GAS,AlphaTauri Honda,58,+44.292s,8,Turkey,10 Oct 2021,"Intercity Istanbul Park, Istanbul"
7,4,Lando  Norris  NOR,McLaren Mercedes,58,+47.213s,6,Turkey,10 Oct 2021,"Intercity Istanbul Park, Istanbul"
8,55,Carlos  Sainz  SAI,Ferrari,58,+51.526s,4,Turkey,10 Oct 2021,"Intercity Istanbul Park, Istanbul"
9,18,Lance  Stroll  STR,Aston Martin Mercedes,58,+82.018s,2,Turkey,10 Oct 2021,"Intercity Istanbul Park, Istanbul"
10,31,Esteban  Ocon  OCO,Alpine Renault,57,+1 lap,1,Turkey,10 Oct 2021,"Intercity Istanbul Park, Istanbul"
11,99,Antonio  Giovinazzi  GIO,Alfa Romeo Racing Ferrari,57,+1 lap,0,Turkey,10 Oct 2021,"Intercity Istanbul Park, Istanbul"
12,7,Kimi  Räikkönen  RAI,Alfa Romeo Racing Ferrari,57,+1 lap,0,Turkey,10 Oct 2021,"Intercity Istanbul Park, Istanbul"
13,3,Daniel  Ricciardo  RIC,McLaren Mercedes,57,+1 lap,0,Turkey,10 Oct 2021,"Intercity Istanbul Park, Istanbul"
14,22,Yuki  Tsunoda  TSU,AlphaTauri Honda,57,+1 lap,0,Turkey,10 Oct 2021,"Intercity Istanbul Park, Istanbul"
15,63,George  Russell  RUS,Williams Mercedes,57,+1 lap,0,Turkey,10 Oct 2021,"Intercity Istanbul Park, Istanbul"
16,14,Fernando  Alonso  ALO,Alpine Renault,57,+1 lap,0,Turkey,10 Oct 2021,"Intercity Istanbul Park, Istanbul"
17,6,Nicholas  Latifi  LAT,Williams Mercedes,57,+1 lap,0,Turkey,10 Oct 2021,"Intercity Istanbul Park, Istanbul"
18,5,Sebastian  Vettel  VET,Aston Martin Mercedes,57,+1 lap,0,Turkey,10 Oct 2021,"Intercity Istanbul Park, Istanbul"
19,47,Mick  Schumacher  MSC,Haas Ferrari,56,+2 laps,0,Turkey,10 Oct 2021,"Intercity Istanbul Park, Istanbul"
20,9,Nikita  Mazepin  MAZ,Haas Ferrari,56,+2 laps,0,Turkey,10 Oct 2021,"Intercity Istanbul Park, Istanbul"
1,33,Max  Verstappen  VER,Red Bull Racing Honda,56,1:34:36.552,25,United States,24 Oct 2021,"Circuit of The Americas, Austin"
2,44,Lewis  Hamilton  HAM,Mercedes,56,+1.333s,19,United States,24 Oct 2021,"Circuit of The Americas, Austin"
3,11,Sergio  Perez  PER,Red Bull Racing Honda,56,+42.223s,15,United States,24 Oct 2021,"Circuit of The Americas, Austin"
4,16,Charles  Leclerc  LEC,Ferrari,56,+52.246s,12,United States,24 Oct 2021,"Circuit of The Americas, Austin"
5,3,Daniel  Ricciardo  RIC,McLaren Mercedes,56,+76.854s,10,United States,24 Oct 2021,"Circuit of The Americas, Austin"
6,77,Valtteri  Bottas  BOT,Mercedes,56,+80.128s,8,United States,24 Oct 2021,"Circuit of The Americas, Austin"
7,55,Carlos  Sainz  SAI,Ferrari,56,+83.545s,6,United States,24 Oct 2021,"Circuit of The Americas, Austin"
8,4,Lando  Norris  NOR,McLaren Mercedes,56,+84.395s,4,United States,24 Oct 2021,"Circuit of The Americas, Austin"
9,22,Yuki  Tsunoda  TSU,AlphaTauri Honda,55,+1 lap,2,United States,24 Oct 2021,"Circuit of The Americas, Austin"
10,5,Sebastian  Vettel  VET,Aston Martin Mercedes,55,+1 lap,1,United States,24 Oct 2021,"Circuit of The Americas, Austin"
11,99,Antonio  Giovinazzi  GIO,Alfa Romeo Racing Ferrari,55,+1 lap,0,United States,24 Oct 2021,"Circuit of The Americas, Austin"
12,18,Lance  Stroll  STR,Aston Martin Mercedes,55,+1 lap,0,United States,24 Oct 2021,"Circuit of The Americas, Austin"
13,7,Kimi  Räikkönen  RAI,Alfa Romeo Racing Ferrari,55,+1 lap,0,United States,24 Oct 2021,"Circuit of The Americas, Austin"
14,63,George  Russell  RUS,Williams Mercedes,55,+1 lap,0,United States,24 Oct 2021,"Circuit of The Americas, Austin"
15,6,Nicholas  Latifi  LAT,Williams Mercedes,55,+1 lap,0,United States,24 Oct 2021,"Circuit of The Americas, Austin"
16,47,Mick  Schumacher  MSC,Haas Ferrari,54,+2 laps,0,United States,24 Oct 2021,"Circuit of The Americas, Austin"
17,9,Nikita  Mazepin  MAZ,Haas Ferrari,54,+2 laps,0,United States,24 Oct 2021,"Circuit of The Americas, Austin"
NC,14,Fernando  Alonso  ALO,Alpine Renault,49,DNF,0,United States,24 Oct 2021,"Circuit of The Americas, Austin"
NC,31,Esteban  Ocon  OCO,Alpine Renault,40,DNF,0,United States,24 Oct 2021,"Circuit of The Americas, Austin"
NC,10,Pierre  Gasly  GAS,AlphaTauri Honda,14,DNF,0,United States,24 Oct 2021,"Circuit of The Americas, Austin"
1,33,Max  Verstappen  VER,Red Bull Racing Honda,71,1:38:39.086,25,Mexico,07 Nov 2021,"AutÃ³dromo Hermanos RodrÃ­guez, Mexico City"
2,44,Lewis  Hamilton  HAM,Mercedes,71,+16.555s,18,Mexico,07 Nov 2021,"AutÃ³dromo Hermanos RodrÃ­guez, Mexico City"
3,11,Sergio  Perez  PER,Red Bull Racing Honda,71,+17.752s,15,Mexico,07 Nov 2021,"AutÃ³dromo Hermanos RodrÃ­guez, Mexico City"
4,10,Pierre  Gasly  GAS,AlphaTauri Honda,71,+63.845s,12,Mexico,07 Nov 2021,"AutÃ³dromo Hermanos RodrÃ­guez, Mexico City"
5,16,Charles  Leclerc  LEC,Ferrari,71,+81.037s,10,Mexico,07 Nov 2021,"AutÃ³dromo Hermanos RodrÃ­guez, Mexico City"
6,55,Carlos  Sainz  SAI,Ferrari,70,+1 lap,8,Mexico,07 Nov 2021,"AutÃ³dromo Hermanos RodrÃ­guez, Mexico City"
7,5,Sebastian  Vettel  VET,Aston Martin Mercedes,70,+1 lap,6,Mexico,07 Nov 2021,"AutÃ³dromo Hermanos RodrÃ­guez, Mexico City"
8,7,Kimi  Räikkönen  RAI,Alfa Romeo Racing Ferrari,70,+1 lap,4,Mexico,07 Nov 2021,"AutÃ³dromo Hermanos RodrÃ­guez, Mexico City"
9,14,Fernando  Alonso  ALO,Alpine Renault,70,+1 lap,2,Mexico,07 Nov 2021,"AutÃ³dromo Hermanos RodrÃ­guez, Mexico City"
10,4,Lando  Norris  NOR,McLaren Mercedes,70,+1 lap,1,Mexico,07 Nov 2021,"AutÃ³dromo Hermanos RodrÃ­guez, Mexico City"
11,99,Antonio  Giovinazzi  GIO,Alfa Romeo Racing Ferrari,70,+1 lap,0,Mexico,07 Nov 2021,"AutÃ³dromo Hermanos RodrÃ­guez, Mexico City"
12,3,Daniel  Ricciardo  RIC,McLaren Mercedes,70,+1 lap,0,Mexico,07 Nov 2021,"AutÃ³dromo Hermanos RodrÃ­guez, Mexico City"
13,31,Esteban  Ocon  OCO,Alpine Renault,70,+1 lap,0,Mexico,07 Nov 2021,"AutÃ³dromo Hermanos RodrÃ­guez, Mexico City"
14,18,Lance  Stroll  STR,Aston Martin Mercedes,69,+2 laps,0,Mexico,07 Nov 2021,"AutÃ³dromo Hermanos RodrÃ­guez, Mexico City"
15,77,Valtteri  Bottas  BOT,Mercedes,69,+2 laps,0,Mexico,07 Nov 2021,"AutÃ³dromo Hermanos RodrÃ­guez, Mexico City"
16,63,George  Russell  RUS,Williams Mercedes,69,+2 laps,0,Mexico,07 Nov 2021,"AutÃ³dromo Hermanos RodrÃ­guez, Mexico City"
17,6,Nicholas  Latifi  LAT,Williams Mercedes,69,+2 laps,0,Mexico,07 Nov 2021,"AutÃ³dromo Hermanos RodrÃ­guez, Mexico City"
18,9,Nikita  Mazepin  MAZ,Haas Ferrari,68,+3 laps,0,Mexico,07 Nov 2021,"AutÃ³dromo Hermanos RodrÃ­guez, Mexico City"
NC,47,Mick  Schumacher  MSC,Haas Ferrari,0,DNF,0,Mexico,07 Nov 2021,"AutÃ³dromo Hermanos RodrÃ­guez, Mexico City"
NC,22,Yuki  Tsunoda  TSU,AlphaTauri Honda,0,DNF,0,Mexico,07 Nov 2021,"AutÃ³dromo Hermanos RodrÃ­guez, Mexico City"
1,44,Lewis  Hamilton  HAM,Mercedes,71,1:32:22.851,25,Brazil,14 Nov 2021,"AutÃ³dromo JosÃ© Carlos Pace, SÃ£o Paulo"
2,33,Max  Verstappen  VER,Red Bull Racing Honda,71,+10.496s,18,Brazil,14 Nov 2021,"AutÃ³dromo JosÃ© Carlos Pace, SÃ£o Paulo"
3,77,Valtteri  Bottas  BOT,Mercedes,71,+13.576s,15,Brazil,14 Nov 2021,"AutÃ³dromo JosÃ© Carlos Pace, SÃ£o Paulo"
4,11,Sergio  Perez  PER,Red Bull Racing Honda,71,+39.940s,13,Brazil,14 Nov 2021,"AutÃ³dromo JosÃ© Carlos Pace, SÃ£o Paulo"
5,16,Charles  Leclerc  LEC,Ferrari,71,+49.517s,10,Brazil,14 Nov 2021,"AutÃ³dromo JosÃ© Carlos Pace, SÃ£o Paulo"
6,55,Carlos  Sainz  SAI,Ferrari,71,+51.820s,8,Brazil,14 Nov 2021,"AutÃ³dromo JosÃ© Carlos Pace, SÃ£o Paulo"
7,10,Pierre  Gasly  GAS,AlphaTauri Honda,70,+1 lap,6,Brazil,14 Nov 2021,"AutÃ³dromo JosÃ© Carlos Pace, SÃ£o Paulo"
8,31,Esteban  Ocon  OCO,Alpine Renault,70,+1 lap,4,Brazil,14 Nov 2021,"AutÃ³dromo JosÃ© Carlos Pace, SÃ£o Paulo"
9,14,Fernando  Alonso  ALO,Alpine Renault,70,+1 lap,2,Brazil,14 Nov 2021,"AutÃ³dromo JosÃ© Carlos Pace, SÃ£o Paulo"
10,4,Lando  Norris  NOR,McLaren Mercedes,70,+1 lap,1,Brazil,14 Nov 2021,"AutÃ³dromo JosÃ© Carlos Pace, SÃ£o Paulo"
11,5,Sebastian  Vettel  VET,Aston Martin Mercedes,70,+1 lap,0,Brazil,14 Nov 2021,"AutÃ³dromo JosÃ© Carlos Pace, SÃ£o Paulo"
12,7,Kimi  Räikkönen  RAI,Alfa Romeo Racing Ferrari,70,+1 lap,0,Brazil,14 Nov 2021,"AutÃ³dromo JosÃ© Carlos Pace, SÃ£o Paulo"
13,63,George  Russell  RUS,Williams Mercedes,70,+1 lap,0,Brazil,14 Nov 2021,"AutÃ³dromo JosÃ© Carlos Pace, SÃ£o Paulo"
14,99,Antonio  Giovinazzi  GIO,Alfa Romeo Racing Ferrari,70,+1 lap,0,Brazil,14 Nov 2021,"AutÃ³dromo JosÃ© Carlos Pace, SÃ£o Paulo"
15,22,Yuki  Tsunoda  TSU,AlphaTauri Honda,70,+1 lap,0,Brazil,14 Nov 2021,"AutÃ³dromo JosÃ© Carlos Pace, SÃ£o Paulo"
16,6,Nicholas  Latifi  LAT,Williams Mercedes,70,+1 lap,0,Brazil,14 Nov 2021,"AutÃ³dromo JosÃ© Carlos Pace, SÃ£o Paulo"
17,9,Nikita  Mazepin  MAZ,Haas Ferrari,69,+2 laps,0,Brazil,14 Nov 2021,"AutÃ³dromo JosÃ© Carlos Pace, SÃ£o Paulo"
18,47,Mick  Schumacher  MSC,Haas Ferrari,69,+2 laps,0,Brazil,14 Nov 2021,"AutÃ³dromo JosÃ© Carlos Pace, SÃ£o Paulo"
NC,3,Daniel  Ricciardo  RIC,McLaren Mercedes,49,DNF,0,Brazil,14 Nov 2021,"AutÃ³dromo JosÃ© Carlos Pace, SÃ£o Paulo"
NC,18,Lance  Stroll  STR,Aston Martin Mercedes,47,DNF,0,Brazil,14 Nov 2021,"AutÃ³dromo JosÃ© Carlos Pace, SÃ£o Paulo"
1,44,Lewis  Hamilton  HAM,Mercedes,57,1:24:28.471,25,Qatar,21 Nov 2021,"Losail International Circuit, Lusail"
2,33,Max  Verstappen  VER,Red Bull Racing Honda,57,+25.743s,19,Qatar,21 Nov 2021,"Losail International Circuit, Lusail"
3,14,Fernando  Alonso  ALO,Alpine Renault,57,+59.457s,15,Qatar,21 Nov 2021,"Losail International Circuit, Lusail"
4,11,Sergio  Perez  PER,Red Bull Racing Honda,57,+62.306s,12,Qatar,21 Nov 2021,"Losail International Circuit, Lusail"
5,31,Esteban  Ocon  OCO,Alpine Renault,57,+80.570s,10,Qatar,21 Nov 2021,"Losail International Circuit, Lusail"
6,18,Lance  Stroll  STR,Aston Martin Mercedes,57,+81.274s,8,Qatar,21 Nov 2021,"Losail International Circuit, Lusail"
7,55,Carlos  Sainz  SAI,Ferrari,57,+81.911s,6,Qatar,21 Nov 2021,"Losail International Circuit, Lusail"
8,16,Charles  Leclerc  LEC,Ferrari,57,+83.126s,4,Qatar,21 Nov 2021,"Losail International Circuit, Lusail"
9,4,Lando  Norris  NOR,McLaren Mercedes,56,+1 lap,2,Qatar,21 Nov 2021,"Losail International Circuit, Lusail"
10,5,Sebastian  Vettel  VET,Aston Martin Mercedes,56,+1 lap,1,Qatar,21 Nov 2021,"Losail International Circuit, Lusail"
11,10,Pierre  Gasly  GAS,AlphaTauri Honda,56,+1 lap,0,Qatar,21 Nov 2021,"Losail International Circuit, Lusail"
12,3,Daniel  Ricciardo  RIC,McLaren Mercedes,56,+1 lap,0,Qatar,21 Nov 2021,"Losail International Circuit, Lusail"
13,22,Yuki  Tsunoda  TSU,AlphaTauri Honda,56,+1 lap,0,Qatar,21 Nov 2021,"Losail International Circuit, Lusail"
14,7,Kimi  Räikkönen  RAI,Alfa Romeo Racing Ferrari,56,+1 lap,0,Qatar,21 Nov 2021,"Losail International Circuit, Lusail"
15,99,Antonio  Giovinazzi  GIO,Alfa Romeo Racing Ferrari,56,+1 lap,0,Qatar,21 Nov 2021,"Losail International Circuit, Lusail"
16,47,Mick  Schumacher  MSC,Haas Ferrari,56,+1 lap,0,Qatar,21 Nov 2021,"Losail International Circuit, Lusail"
17,63,George  Russell  RUS,Williams Mercedes,55,+2 laps,0,Qatar,21 Nov 2021,"Losail International Circuit, Lusail"
18,9,Nikita  Mazepin  MAZ,Haas Ferrari,55,+2 laps,0,Qatar,21 Nov 2021,"Losail International Circuit, Lusail"
NC,6,Nicholas  Latifi  LAT,Williams Mercedes,50,DNF,0,Qatar,21 Nov 2021,"Losail International Circuit, Lusail"
NC,77,Valtteri  Bottas  BOT,Mercedes,48,DNF,0,Qatar,21 Nov 2021,"Losail International Circuit, Lusail"
1,44,Lewis  Hamilton  HAM,Mercedes,50,2:06:15.118,26,Saudi Arabia,05 Dec 2021,"Jeddah Corniche Circuit, Jeddah"
2,33,Max  Verstappen  VER,Red Bull Racing Honda,50,+21.825s,18,Saudi Arabia,05 Dec 2021,"Jeddah Corniche Circuit, Jeddah"
3,77,Valtteri  Bottas  BOT,Mercedes,50,+27.531s,15,Saudi Arabia,05 Dec 2021,"Jeddah Corniche Circuit, Jeddah"
4,31,Esteban  Ocon  OCO,Alpine Renault,50,+27.633s,12,Saudi Arabia,05 Dec 2021,"Jeddah Corniche Circuit, Jeddah"
5,3,Daniel  Ricciardo  RIC,McLaren Mercedes,50,+40.121s,10,Saudi Arabia,05 Dec 2021,"Jeddah Corniche Circuit, Jeddah"
6,10,Pierre  Gasly  GAS,AlphaTauri Honda,50,+41.613s,8,Saudi Arabia,05 Dec 2021,"Jeddah Corniche Circuit, Jeddah"
7,16,Charles  Leclerc  LEC,Ferrari,50,+44.475s,6,Saudi Arabia,05 Dec 2021,"Jeddah Corniche Circuit, Jeddah"
8,55,Carlos  Sainz  SAI,Ferrari,50,+46.606s,4,Saudi Arabia,05 Dec 2021,"Jeddah Corniche Circuit, Jeddah"
9,99,Antonio  Giovinazzi  GIO,Alfa Romeo Racing Ferrari,50,+58.505s,2,Saudi Arabia,05 Dec 2021,"Jeddah Corniche Circuit, Jeddah"
10,4,Lando  Norris  NOR,McLaren Mercedes,50,+61.358s,1,Saudi Arabia,05 Dec 2021,"Jeddah Corniche Circuit, Jeddah"
11,18,Lance  Stroll  STR,Aston Martin Mercedes,50,+77.212s,0,Saudi Arabia,05 Dec 2021,"Jeddah Corniche Circuit, Jeddah"
12,6,Nicholas  Latifi  LAT,Williams Mercedes,50,+83.249s,0,Saudi Arabia,05 Dec 2021,"Jeddah Corniche Circuit, Jeddah"
13,14,Fernando  Alonso  ALO,Alpine Renault,49,+1 lap,0,Saudi Arabia,05 Dec 2021,"Jeddah Corniche Circuit, Jeddah"
14,22,Yuki  Tsunoda  TSU,AlphaTauri Honda,49,+1 lap,0,Saudi Arabia,05 Dec 2021,"Jeddah Corniche Circuit, Jeddah"
15,7,Kimi  Räikkönen  RAI,Alfa Romeo Racing Ferrari,49,+1 lap,0,Saudi Arabia,05 Dec 2021,"Jeddah Corniche Circuit, Jeddah"
NC,5,Sebastian  Vettel  VET,Aston Martin Mercedes,44,DNF,0,Saudi Arabia,05 Dec 2021,"Jeddah Corniche Circuit, Jeddah"
NC,11,Sergio  Perez  PER,Red Bull Racing Honda,14,DNF,0,Saudi Arabia,05 Dec 2021,"Jeddah Corniche Circuit, Jeddah"
NC,9,Nikita  Mazepin  MAZ,Haas Ferrari,14,DNF,0,Saudi Arabia,05 Dec 2021,"Jeddah Corniche Circuit, Jeddah"
NC,63,George  Russell  RUS,Williams Mercedes,14,DNF,0,Saudi Arabia,05 Dec 2021,"Jeddah Corniche Circuit, Jeddah"
NC,47,Mick  Schumacher  MSC,Haas Ferrari,8,DNF,0,Saudi Arabia,05 Dec 2021,"Jeddah Corniche Circuit, Jeddah"
1,33,Max  Verstappen  VER,Red Bull Racing Honda,58,1:30:17.345,26,Abu Dhabi,12 Dec 2021,"Yas Marina Circuit, Yas Island"
2,44,Lewis  Hamilton  HAM,Mercedes,58,+2.256s,18,Abu Dhabi,12 Dec 2021,"Yas Marina Circuit, Yas Island"
3,55,Carlos  Sainz  SAI,Ferrari,58,+5.173s,15,Abu Dhabi,12 Dec 2021,"Yas Marina Circuit, Yas Island"
4,22,Yuki  Tsunoda  TSU,AlphaTauri Honda,58,+5.692s,12,Abu Dhabi,12 Dec 2021,"Yas Marina Circuit, Yas Island"
5,10,Pierre  Gasly  GAS,AlphaTauri Honda,58,+6.531s,10,Abu Dhabi,12 Dec 2021,"Yas Marina Circuit, Yas Island"
6,77,Valtteri  Bottas  BOT,Mercedes,58,+7.463s,8,Abu Dhabi,12 Dec 2021,"Yas Marina Circuit, Yas Island"
7,4,Lando  Norris  NOR,McLaren Mercedes,58,+59.200s,6,Abu Dhabi,12 Dec 2021,"Yas Marina Circuit, Yas Island"
8,14,Fernando  Alonso  ALO,Alpine Renault,58,+61.708s,4,Abu Dhabi,12 Dec 2021,"Yas Marina Circuit, Yas Island"
9,31,Esteban  Ocon  OCO,Alpine Renault,58,+64.026s,2,Abu Dhabi,12 Dec 2021,"Yas Marina Circuit, Yas Island"
10,16,Charles  Leclerc  LEC,Ferrari,58,+66.057s,1,Abu Dhabi,12 Dec 2021,"Yas Marina Circuit, Yas Island"
11,5,Sebastian  Vettel  VET,Aston Martin Mercedes,58,+67.527s,0,Abu Dhabi,12 Dec 2021,"Yas Marina Circuit, Yas Island"
12,3,Daniel  Ricciardo  RIC,McLaren Mercedes,57,+1 lap,0,Abu Dhabi,12 Dec 2021,"Yas Marina Circuit, Yas Island"
13,18,Lance  Stroll  STR,Aston Martin Mercedes,57,+1 lap,0,Abu Dhabi,12 Dec 2021,"Yas Marina Circuit, Yas Island"
14,47,Mick  Schumacher  MSC,Haas Ferrari,57,+1 lap,0,Abu Dhabi,12 Dec 2021,"Yas Marina Circuit, Yas Island"
15,11,Sergio  Perez  PER,Red Bull Racing Honda,55,DNF,0,Abu Dhabi,12 Dec 2021,"Yas Marina Circuit, Yas Island"
NC,6,Nicholas  Latifi  LAT,Williams Mercedes,50,DNF,0,Abu Dhabi,12 Dec 2021,"Yas Marina Circuit, Yas Island"
NC,99,Antonio  Giovinazzi  GIO,Alfa Romeo Racing Ferrari,33,DNF,0,Abu Dhabi,12 Dec 2021,"Yas Marina Circuit, Yas Island"
NC,63,George  Russell  RUS,Williams Mercedes,26,DNF,0,Abu Dhabi,12 Dec 2021,"Yas Marina Circuit, Yas Island"
NC,7,Kimi  Räikkönen  RAI,Alfa Romeo Racing Ferrari,25,DNF,0,Abu Dhabi,12 Dec 2021,"Yas Marina Circuit, Yas Island"
NC,9,Nikita  Mazepin  MAZ,Haas Ferrari,0,DNS,0,Abu Dhabi,12 Dec 2021,"Yas Marina Circuit, Yas Island"
